Maennlich,Weiblich
Ben,Mia
Paul,Emma
Jonas,Hannah
Elias,Sophia
Leon,Anna
Finn,Marie
Noah,Lina
Luis,Lea
Felix,Emily
Maximilian,Amelie
Ben,Mia
Paul,Emma
Jonas,Hannah
Elias,Sophia
Leon,Anna
Finn,Marie
Noah,Lina
Luis,Lea
Felix,Emily
Maximilian,Amelie
Ben,Mia
Paul,Emma
Jonas,Hannah
Elias,Sophia
Leon,Anna
Finn,Marie
Noah,Lina
Luis,Lea
Felix,Emily
Maximilian,Amelie
Ben,Mia
Paul,Emma
Jonas,Hannah
Elias,Sophia
Leon,Anna
Finn,Marie
Noah,Lina
Luis,Lea
Felix,Emily
Maximilian,Amelie
Ben,Mia
Paul,Emma
Jonas,Hannah
Elias,Sophia
Leon,Anna
Finn,Marie
Noah,Lina
Luis,Lea
Felix,Emily
Maximilian,Amelie
Ben,Mia
Paul,Emma
Jonas,Hannah
Elias,Sophia
Leon,Anna
Finn,Marie
Noah,Lina
Luis,Lea
Felix,Emily
Maximilian,Amelie
Ben,Mia
Paul,Emma
Jonas,Hannah
Elias,Sophia
Leon,Anna
Finn,Marie
Noah,Lina
Luis,Lea
Felix,Emily
Maximilian,Amelie
Ben,Mia
Paul,Emma
Jonas,Hannah
Elias,Sophia
Leon,Anna
Finn,Marie
Noah,Lina
Luis,Lea
Felix,Emily
Maximilian,Amelie
Ben,Mia
Paul,Emma
Jonas,Hannah
Elias,Sophia
Leon,Anna
Finn,Marie
Noah,Lina
Luis,Lea
Felix,Emily
Maximilian,Amelie
Ben,Mia
Paul,Emma
Jonas,Hannah
Elias,Sophia
Leon,Anna
Finn,Marie
Noah,Lina
Luis,Lea
Felix,Emily
Maximilian,Amelie
Ben,Mia
Paul,Emma
Jonas,Hannah
Elias,Sophia
Leon,Anna
Finn,Marie
Noah,Lina
Luis,Lea
Felix,Emily
Maximilian,Amelie
Ben,Mia
Paul,Emma
Jonas,Hannah
Elias,Sophia
Leon,Anna
Finn,Marie
Noah,Lina
Luis,Lea
Felix,Emily
Maximilian,Amelie
Ben,Mia
Paul,Emma
Jonas,Hannah
Elias,Sophia
Leon,Anna
Finn,Marie
Noah,Lina
Luis,Lea
Felix,Emily
Maximilian,Amelie
Ben,Mia
Paul,Emma
Jonas,Hannah
Elias,Sophia
Leon,Anna
Finn,Marie
Noah,Lina
Luis,Lea
Felix,Emily
Maximilian,Amelie
Ben,Mia
Paul,Emma
Jonas,Hannah
Elias,Sophia
Leon,Anna
Finn,Marie
Noah,Lina
Luis,Lea
Felix,Emily
Maximilian,Amelie
Ben,Mia
Paul,Emma
Jonas,Hannah
Elias,Sophia
Leon,Anna
Finn,Marie
Noah,Lina
Luis,Lea
Felix,Emily
Maximilian,Amelie
Ben,Mia
Paul,Emma
Jonas,Hannah
Elias,Sophia
Leon,Anna
Finn,Marie
Noah,Lina
Luis,Lea
Felix,Emily
Maximilian,Amelie
Ben,Mia
Paul,Emma
Jonas,Hannah
Elias,Sophia
Leon,Anna
Finn,Marie
Noah,Lina
Luis,Lea
Felix,Emily
Maximilian,Amelie
Ben,Mia
Paul,Emma
Jonas,Hannah
Elias,Sophia
Leon,Anna
Finn,Marie
Noah,Lina
Luis,Lea
Felix,Emily
Maximilian,Amelie
Ben,Mia
Paul,Emma
Jonas,Hannah
Elias,Sophia
Leon,Anna
Finn,Marie
Noah,Lina
Luis,Lea
Felix,Emily
Maximilian,Amelie
Ben,Mia
Paul,Emma
Jonas,Hannah
Elias,Sophia
Leon,Anna
Finn,Marie
Noah,Lina
Luis,Lea
Felix,Emily
Maximilian,Amelie
Ben,Mia
Paul,Emma
Jonas,Hannah
Elias,Sophia
Leon,Anna
Finn,Marie
Noah,Lina
Luis,Lea
Felix,Emily
Maximilian,Amelie
Ben,Mia
Paul,Emma
Jonas,Hannah
Elias,Sophia
Leon,Anna
Finn,Marie
Noah,Lina
Luis,Lea
Felix,Emily
Maximilian,Amelie
Ben,Mia
Paul,Emma
Jonas,Hannah
Elias,Sophia
Leon,Anna
Finn,Marie
Noah,Lina
Luis,Lea
Felix,Emily
Maximilian,Amelie
Ben,Mia
Paul,Emma
Jonas,Hannah
Elias,Sophia
Leon,Anna
Finn,Marie
Noah,Lina
Luis,Lea
Felix,Emily
Maximilian,Amelie
Ben,Mia
Paul,Emma
Jonas,Hannah
Elias,Sophia
Leon,Anna
Finn,Marie
Noah,Lina
Luis,Lea
Felix,Emily
Maximilian,Amelie
Ben,Mia
Paul,Emma
Jonas,Hannah
Elias,Sophia
Leon,Anna
Finn,Marie
Noah,Lina
Luis,Lea
Felix,Emily
Maximilian,Amelie
Ben,Mia
Paul,Emma
Jonas,Hannah
Elias,Sophia
Leon,Anna
Finn,Marie
Noah,Lina
Luis,Lea
Felix,Emily
Maximilian,Amelie
Ben,Mia
Paul,Emma
Jonas,Hannah
Elias,Sophia
Leon,Anna
Finn,Marie
Noah,Lina
Luis,Lea
Felix,Emily
Maximilian,Amelie
Ben,Mia
Paul,Emma
Jonas,Hannah
Elias,Sophia
Leon,Anna
Finn,Marie
Noah,Lina
Luis,Lea
Felix,Emily
Maximilian,Amelie
Ben,Mia
Paul,Emma
Jonas,Hannah
Elias,Sophia
Leon,Anna
Finn,Marie
Noah,Lina
Luis,Lea
Felix,Emily
Maximilian,Amelie
Ben,Mia
Paul,Emma
Jonas,Hannah
Elias,Sophia
Leon,Anna
Finn,Marie
Noah,Lina
Luis,Lea
Felix,Emily
Maximilian,Amelie
Ben,Mia
Paul,Emma
Jonas,Hannah
Elias,Sophia
Leon,Anna
Finn,Marie
Noah,Lina
Luis,Lea
Felix,Emily
Maximilian,Amelie
Ben,Mia
Paul,Emma
Jonas,Hannah
Elias,Sophia
Leon,Anna
Finn,Marie
Noah,Lina
Luis,Lea
Felix,Emily
Maximilian,Amelie
Ben,Mia
Paul,Emma
Jonas,Hannah
Elias,Sophia
Leon,Anna
Finn,Marie
Noah,Lina
Luis,Lea
Felix,Emily
Maximilian,Amelie
Ben,Mia
Paul,Emma
Jonas,Hannah
Elias,Sophia
Leon,Anna
Finn,Marie
Noah,Lina
Luis,Lea
Felix,Emily
Maximilian,Amelie
Ben,Mia
Paul,Emma
Jonas,Hannah
Elias,Sophia
Leon,Anna
Finn,Marie
Noah,Lina
Luis,Lea
Felix,Emily
Maximilian,Amelie
Ben,Mia
Paul,Emma
Jonas,Hannah
Elias,Sophia
Leon,Anna
Finn,Marie
Noah,Lina
Luis,Lea
Felix,Emily
Maximilian,Amelie
Ben,Mia
Paul,Emma
Jonas,Hannah
Elias,Sophia
Leon,Anna
Finn,Marie
Noah,Lina
Luis,Lea
Felix,Emily
Maximilian,Amelie
Ben,Mia
Paul,Emma
Jonas,Hannah
Elias,Sophia
Leon,Anna
Finn,Marie
Noah,Lina
Luis,Lea
Felix,Emily
Maximilian,Amelie
Ben,Mia
Paul,Emma
Jonas,Hannah
Elias,Sophia
Leon,Anna
Finn,Marie
Noah,Lina
Luis,Lea
Felix,Emily
Maximilian,Amelie
Ben,Mia
Paul,Emma
Jonas,Hannah
Elias,Sophia
Leon,Anna
Finn,Marie
Noah,Lina
Luis,Lea
Felix,Emily
Maximilian,Amelie
Ben,Mia
Paul,Emma
Jonas,Hannah
Elias,Sophia
Leon,Anna
Finn,Marie
Noah,Lina
Luis,Lea
Felix,Emily
Maximilian,Amelie
Ben,Mia
Paul,Emma
Jonas,Hannah
Elias,Sophia
Leon,Anna
Finn,Marie
Noah,Lina
Luis,Lea
Felix,Emily
Maximilian,Amelie
Ben,Mia
Paul,Emma
Jonas,Hannah
Elias,Sophia
Leon,Anna
Finn,Marie
Noah,Lina
Luis,Lea
Felix,Emily
Maximilian,Amelie
Ben,Mia
Paul,Emma
Jonas,Hannah
Elias,Sophia
Leon,Anna
Finn,Marie
Noah,Lina
Luis,Lea
Felix,Emily
Maximilian,Amelie
Ben,Mia
Paul,Emma
Jonas,Hannah
Elias,Sophia
Leon,Anna
Finn,Marie
Noah,Lina
Luis,Lea
Felix,Emily
Maximilian,Amelie
Ben,Mia
Paul,Emma
Jonas,Hannah
Elias,Sophia
Leon,Anna
Finn,Marie
Noah,Lina
Luis,Lea
Felix,Emily
Maximilian,Amelie
Ben,Mia
Paul,Emma
Jonas,Hannah
Elias,Sophia
Leon,Anna
Finn,Marie
Noah,Lina
Luis,Lea
Felix,Emily
Maximilian,Amelie
Ben,Mia
Paul,Emma
Jonas,Hannah
Elias,Sophia
Leon,Anna
Finn,Marie
Noah,Lina
Luis,Lea
Felix,Emily
Maximilian,Amelie
Ben,Mia
Paul,Emma
Jonas,Hannah
Elias,Sophia
Leon,Anna
Finn,Marie
Noah,Lina
Luis,Lea
Felix,Emily
Maximilian,Amelie
Ben,Mia
Paul,Emma
Jonas,Hannah
Elias,Sophia
Leon,Anna
Finn,Marie
Noah,Lina
Luis,Lea
Felix,Emily
Maximilian,Amelie
Ben,Mia
Paul,Emma
Jonas,Hannah
Elias,Sophia
Leon,Anna
Finn,Marie
Noah,Lina
Luis,Lea
Felix,Emily
Maximilian,Amelie
Ben,Mia
Paul,Emma
Jonas,Hannah
Elias,Sophia
Leon,Anna
Finn,Marie
Noah,Lina
Luis,Lea
Felix,Emily
Maximilian,Amelie
Ben,Mia
Paul,Emma
Jonas,Hannah
Elias,Sophia
Leon,Anna
Finn,Marie
Noah,Lina
Luis,Lea
Felix,Emily
Maximilian,Amelie
Ben,Mia
Paul,Emma
Jonas,Hannah
Elias,Sophia
Leon,Anna
Finn,Marie
Noah,Lina
Luis,Lea
Felix,Emily
Maximilian,Amelie
Ben,Mia
Paul,Emma
Jonas,Hannah
Elias,Sophia
Leon,Anna
Finn,Marie
Noah,Lina
Luis,Lea
Felix,Emily
Maximilian,Amelie
Ben,Mia
Paul,Emma
Jonas,Hannah
Elias,Sophia
Leon,Anna
Finn,Marie
Noah,Lina
Luis,Lea
Felix,Emily
Maximilian,Amelie
Ben,Mia
Paul,Emma
Jonas,Hannah
Elias,Sophia
Leon,Anna
Finn,Marie
Noah,Lina
Luis,Lea
Felix,Emily
Maximilian,Amelie
Ben,Mia
Paul,Emma
Jonas,Hannah
Elias,Sophia
Leon,Anna
Finn,Marie
Noah,Lina
Luis,Lea
Felix,Emily
Maximilian,Amelie
Ben,Mia
Paul,Emma
Jonas,Hannah
Elias,Sophia
Leon,Anna
Finn,Marie
Noah,Lina
Luis,Lea
Felix,Emily
Maximilian,Amelie
Ben,Mia
Paul,Emma
Jonas,Hannah
Elias,Sophia
Leon,Anna
Finn,Marie
Noah,Lina
Luis,Lea
Felix,Emily
Maximilian,Amelie
Ben,Mia
Paul,Emma
Jonas,Hannah
Elias,Sophia
Leon,Anna
Finn,Marie
Noah,Lina
Luis,Lea
Felix,Emily
Maximilian,Amelie
Ben,Mia
Paul,Emma
Jonas,Hannah
Elias,Sophia
Leon,Anna
Finn,Marie
Noah,Lina
Luis,Lea
Felix,Emily
Maximilian,Amelie
Ben,Mia
Paul,Emma
Jonas,Hannah
Elias,Sophia
Leon,Anna
Finn,Marie
Noah,Lina
Luis,Lea
Felix,Emily
Maximilian,Amelie
Ben,Mia
Paul,Emma
Jonas,Hannah
Elias,Sophia
Leon,Anna
Finn,Marie
Noah,Lina
Luis,Lea
Felix,Emily
Maximilian,Amelie
Ben,Mia
Paul,Emma
Jonas,Hannah
Elias,Sophia
Leon,Anna
Finn,Marie
Noah,Lina
Luis,Lea
Felix,Emily
Maximilian,Amelie
Ben,Mia
Paul,Emma
Jonas,Hannah
Elias,Sophia
Leon,Anna
Finn,Marie
Noah,Lina
Luis,Lea
Felix,Emily
Maximilian,Amelie
Ben,Mia
Paul,Emma
Jonas,Hannah
Elias,Sophia
Leon,Anna
Finn,Marie
Noah,Lina
Luis,Lea
Felix,Emily
Maximilian,Amelie
Ben,Mia
Paul,Emma
Jonas,Hannah
Elias,Sophia
Leon,Anna
Finn,Marie
Noah,Lina
Luis,Lea
Felix,Emily
Maximilian,Amelie
Ben,Mia
Paul,Emma
Jonas,Hannah
Elias,Sophia
Leon,Anna
Finn,Marie
Noah,Lina
Luis,Lea
Felix,Emily
Maximilian,Amelie
Ben,Mia
Paul,Emma
Jonas,Hannah
Elias,Sophia
Leon,Anna
Finn,Marie
Noah,Lina
Luis,Lea
Felix,Emily
Maximilian,Amelie
Ben,Mia
Paul,Emma
Jonas,Hannah
Elias,Sophia
Leon,Anna
Finn,Marie
Noah,Lina
Luis,Lea
Felix,Emily
Maximilian,Amelie
Ben,Mia
Paul,Emma
Jonas,Hannah
Elias,Sophia
Leon,Anna
Finn,Marie
Noah,Lina
Luis,Lea
Felix,Emily
Maximilian,Amelie
Ben,Mia
Paul,Emma
Jonas,Hannah
Elias,Sophia
Leon,Anna
Finn,Marie
Noah,Lina
Luis,Lea
Felix,Emily
Maximilian,Amelie
Ben,Mia
Paul,Emma
Jonas,Hannah
Elias,Sophia
Leon,Anna
Finn,Marie
Noah,Lina
Luis,Lea
Felix,Emily
Maximilian,Amelie
Ben,Mia
Paul,Emma
Jonas,Hannah
Elias,Sophia
Leon,Anna
Finn,Marie
Noah,Lina
Luis,Lea
Felix,Emily
Maximilian,Amelie
Ben,Mia
Paul,Emma
Jonas,Hannah
Elias,Sophia
Leon,Anna
Finn,Marie
Noah,Lina
Luis,Lea
Felix,Emily
Maximilian,Amelie
Ben,Mia
Paul,Emma
Jonas,Hannah
Elias,Sophia
Leon,Anna
Finn,Marie
Noah,Lina
Luis,Lea
Felix,Emily
Maximilian,Amelie
Ben,Mia
Paul,Emma
Jonas,Hannah
Elias,Sophia
Leon,Anna
Finn,Marie
Noah,Lina
Luis,Lea
Felix,Emily
Maximilian,Amelie
Ben,Mia
Paul,Emma
Jonas,Hannah
Elias,Sophia
Leon,Anna
Finn,Marie
Noah,Lina
Luis,Lea
Felix,Emily
Maximilian,Amelie
Ben,Mia
Paul,Emma
Jonas,Hannah
Elias,Sophia
Leon,Anna
Finn,Marie
Noah,Lina
Luis,Lea
Felix,Emily
Maximilian,Amelie
Ben,Mia
Paul,Emma
Jonas,Hannah
Elias,Sophia
Leon,Anna
Finn,Marie
Noah,Lina
Luis,Lea
Felix,Emily
Maximilian,Amelie
Ben,Mia
Paul,Emma
Jonas,Hannah
Elias,Sophia
Leon,Anna
Finn,Marie
Noah,Lina
Luis,Lea
Felix,Emily
Maximilian,Amelie
Ben,Mia
Paul,Emma
Jonas,Hannah
Elias,Sophia
Leon,Anna
Finn,Marie
Noah,Lina
Luis,Lea
Felix,Emily
Maximilian,Amelie
Ben,Mia
Paul,Emma
Jonas,Hannah
Elias,Sophia
Leon,Anna
Finn,Marie
Noah,Lina
Luis,Lea
Felix,Emily
Maximilian,Amelie
Ben,Mia
Paul,Emma
Jonas,Hannah
Elias,Sophia
Leon,Anna
Finn,Marie
Noah,Lina
Luis,Lea
Felix,Emily
Maximilian,Amelie
Ben,Mia
Paul,Emma
Jonas,Hannah
Elias,Sophia
Leon,Anna
Finn,Marie
Noah,Lina
Luis,Lea
Felix,Emily
Maximilian,Amelie
Ben,Mia
Paul,Emma
Jonas,Hannah
Elias,Sophia
Leon,Anna
Finn,Marie
Noah,Lina
Luis,Lea
Felix,Emily
Maximilian,Amelie
Ben,Mia
Paul,Emma
Jonas,Hannah
Elias,Sophia
Leon,Anna
Finn,Marie
Noah,Lina
Luis,Lea
Felix,Emily
Maximilian,Amelie
Ben,Mia
Paul,Emma
Jonas,Hannah
Elias,Sophia
Leon,Anna
Finn,Marie
Noah,Lina
Luis,Lea
Felix,Emily
Maximilian,Amelie
Ben,Mia
Paul,Emma
Jonas,Hannah
Elias,Sophia
Leon,Anna
Finn,Marie
Noah,Lina
Luis,Lea
Felix,Emily
Maximilian,Amelie
Ben,Mia
Paul,Emma
Jonas,Hannah
Elias,Sophia
Leon,Anna
Finn,Marie
Noah,Lina
Luis,Lea
Felix,Emily
Maximilian,Amelie
Ben,Mia
Paul,Emma
Jonas,Hannah
Elias,Sophia
Leon,Anna
Finn,Marie
Noah,Lina
Luis,Lea
Felix,Emily
Maximilian,Amelie
Ben,Mia
Paul,Emma
Jonas,Hannah
Elias,Sophia
Leon,Anna
Finn,Marie
Noah,Lina
Luis,Lea
Felix,Emily
Maximilian,Amelie
Ben,Mia
Paul,Emma
Jonas,Hannah
Elias,Sophia
Leon,Anna
Finn,Marie
Noah,Lina
Luis,Lea
Felix,Emily
Maximilian,Amelie
Ben,Mia
Paul,Emma
Jonas,Hannah
Elias,Sophia
Leon,Anna
Finn,Marie
Noah,Lina
Luis,Lea
Felix,Emily
Maximilian,Amelie
Ben,Mia
Paul,Emma
Jonas,Hannah
Elias,Sophia
Leon,Anna
Finn,Marie
Noah,Lina
Luis,Lea
Felix,Emily
Maximilian,Amelie
Ben,Mia
Paul,Emma
Jonas,Hannah
Elias,Sophia
Leon,Anna
Finn,Marie
Noah,Lina
Luis,Lea
Felix,Emily
Maximilian,Amelie
Ben,Mia
Paul,Emma
Jonas,Hannah
Elias,Sophia
Leon,Anna
Finn,Marie
Noah,Lina
Luis,Lea
Felix,Emily
Maximilian,Amelie
